"id","user_id","imdb_id","gender","races","note","date_created","date_modified","reference_url","image_url"
"1","24.90.57.139","520488","m","w,h","mother is Cuban refugee","1451846243","0","http://www.huffingtonpost.com/2013/04/12/phil-lord-jay-z-cuba_n_3069831.html",
"2","24.90.57.139","1555340","f","w","Her mother is Jewish and her father has Scottish, Dutch, English, German, and Norwegian ancestry.","1451846279","0","http://www.imdb.com/name/nm1555340/bio",
"3","24.90.57.139","146","m","w","He is of English, Irish, and Scottish origin","1451846313","0","http://www.imdb.com/name/nm0000146/bio",
"4","24.90.57.139","712753","m","w",,"1451846468","0",,
"5","24.90.57.139","2930503","m","w","Irish mother","1451846571","0","http://www.imdb.com/name/nm2930503/bio",
"6","24.90.57.139","397171","f","w","German, English, Scottish, and Irish","1451846605","0","http://www.imdb.com/name/nm0397171/bio",
"8","24.90.57.139","177896","m","w","His father was of Irish descent and his mother is of Italian ancestry","1451847831","0","http://www.imdb.com/name/nm0177896/bio",
"9","24.90.57.139","1774","m","w","His father is of Austrian Jewish and Polish Jewish descent, and his mother was of Irish ancestry","1451847887","0","http://www.imdb.com/name/nm0001774/bio",
"10","24.90.57.139","1663205","m","w","English ethnicity, South African nationality","1451848246","0","http://www.imdb.com/name/nm1663205/bio",
"11","24.90.57.139","174374","m","w","Irish Catholic","1451848398","0","http://www.films42.com/chats/bill_condon.asp",
"12","24.90.57.139","6969","f","w","English, Irish, Scottish, and more distant Dutch","1452049475","0","http://www.imdb.com/name/nm0006969/bio",
"13","24.90.57.139","832792","m","w","His father was Scottish and his mother was Sicilian","1452049515","0","http://www.imdb.com/name/nm0832792/bio",
"14","24.90.57.139","9190","m","w","Jewish","1452050512","0",,
"15","24.90.57.139","142","m","w","English, as well as Scottish, Irish, Dutch, and German","1452050567","0","http://www.imdb.com/name/nm0000142/bio",
"16","24.90.57.139","973177","m","w","Russian Jewish","1452050741","0","http://www.imdb.com/name/nm0973177/bio",
"17","24.90.57.139","1659221","m","w","Romanian","1452050838","0","http://www.imdb.com/name/nm1659221/bio",
"18","24.90.57.139","534635","m","w","Scottish","1452050896","0","https://en.wikipedia.org/wiki/Richard_Madden",
"19","24.90.57.139","634300","m","w","English-American","1452051001","0","https://en.wikipedia.org/wiki/Jonathan_Nolan",
"20","24.90.57.139","342488","m","w","English and 1/8th Irish","1452051060","0","http://www.imdb.com/name/nm0342488/bio",
"21","24.90.57.139","3966115","m","w","English","1452051133","0","https://en.wikipedia.org/wiki/Dan_Abnett","https://upload.wikimedia.org/wikipedia/commons/thumb/0/0f/10.10.10DanAbnettByLuigiNovi2.jpg/504px-10.10.10DanAbnettByLuigiNovi2.jpg"
"22","24.90.57.139","406975","m","w","Welsh","1452051178","0","http://www.imdb.com/name/nm0406975/bio",
"23","24.90.57.139","1242688","m","w"," English, as well as Scottish, German, and distant Irish and French","1452051222","0","http://www.imdb.com/name/nm1242688/bio",
"24","24.90.57.139","610","m","w","Italian (from his paternal grandfather), English, and German ","1452051258","0","http://www.imdb.com/name/nm0000610/bio",
"25","24.90.57.139","1020124","f","w",,"1452051358","0",,
"26","24.90.57.139","946734","m","w","English","1452051528","0","http://www.imdb.com/name/nm0946734/bio","http://ia.media-imdb.com/images/M/MV5BMTY2NTU4NjY4M15BMl5BanBnXkFtZTYwNjIxOTI1._V1_SX640_SY720_.jpg"
"27","24.90.57.139","35905","m","w",,"1452051563","0",,"https://upload.wikimedia.org/wikipedia/commons/f/fe/Triple_Threat.jpg"
"28","24.90.57.139","1258970","m","w","English","1452051654","0","http://www.imdb.com/name/nm1258970/bio",
"29","24.90.57.139","354","m","w"," His father is of English and Scottish descent, and his mother is of Finnish and Swedish ancestry","1452051687","0","http://www.imdb.com/name/nm0000354/bio",
"30","24.90.57.139","348181","m","w","Irish Catholic","1452051755","0","http://www.imdb.com/name/nm0348181/bio",
"31","24.90.57.139","695435","m","w","His mother is of Norwegian descent and his father had English, German, Swiss, and French-Canadian ancestry","1452051786","0","http://www.imdb.com/name/nm0695435/bio",
"32","24.90.57.139","573618","m","w","English","1452051832","0","http://www.imdb.com/name/nm0573618/bio",
"33","24.90.57.139","949","f","w"," English, some Scottish, and remote French","1452051946","0","http://www.imdb.com/name/nm0000949/bio",
"34","24.90.57.139","545","f","w","English, Russian","1452051979","0","http://www.imdb.com/name/nm0000545/bio",
"35","24.90.57.139","190861","m","h","Mexican","1452052196","0","http://www.imdb.com/name/nm0190861/bio",
"36","24.90.57.139","1940449","m","w","Polish, Russian, Romanian Jew","1452052280","0","http://www.imdb.com/name/nm1940449/bio",
"37","24.90.57.139","179","m","w","English, Scottish","1452052408","0","http://www.imdb.com/name/nm0000179/bio",
"38","24.90.57.139","129","m","w","Irish, German, and English","1452052692","0","http://www.imdb.com/name/nm0000129/bio",
"39","24.90.57.139","1510800","m","w",,"1452052755","0",,
"40","24.90.57.139","1273148","m","w",,"1452052885","0",,
"41","24.90.57.139","765091","m","w",,"1452052985","0",,"http://landaufoto.com/wp-content/uploads/2014/12/oscars013.jpg"
"42","24.90.57.139","4266","f","w","mostly Irish descent, along with English, German, and French","1452053004","0","http://www.imdb.com/name/nm0004266/bio",
"43","24.90.57.139","5049","f","w","English and German","1452053043","0","http://www.imdb.com/name/nm0005049/bio",
"44","24.90.57.139","136797","m","w","His mother is of Polish descent and his father is of Italian and German ancestry","1452053097","0","http://www.imdb.com/name/nm0136797/bio",
"45","24.90.57.139","744429","m","w",,"1452053187","0",,"https://www.austinfilmfestival.com/wp-content/uploads/2013/01/Terry-Rossio.photo_.jpg"
"46","24.90.57.139","636426","f","w,h","half Spanish, half Swedish","1452053261","0","http://www.imdb.com/name/nm0636426/bio",
"47","24.90.57.139","751648","m","w",,"1452053293","0",,
"48","24.90.57.139","517589","m","w","Irish","1452053377","0","https://en.wikipedia.org/wiki/John_Logan_(writer)#Early_life",
"49","24.90.57.139","602","m","w","English, Irish, and Scottish","1452053400","0","http://www.imdb.com/name/nm0000602/bio",
"50","24.90.57.139","3485845","m","w","English, as well as Dutch, German, Irish, and Scottish","1452053433","0","http://www.imdb.com/name/nm3485845/bio",
"51","24.90.57.139","4747","m","w",,"1452053525","0",,
"52","24.90.57.139","312367","m","w",,"1452053702","0",,"http://4.bp.blogspot.com/-v8usjmlLRNM/UZLlRtPc3vI/AAAAAAAAP08/6DRRmPg7u1U/s1600/bruce-geller-03.jpg"
"53","24.90.57.139","136","m","w","English, as well as Irish, Scots-Irish, Scottish, Welsh, French, Dutch, Belgian (Flemish), and German","1452060090","0","http://www.imdb.com/name/nm0000136/bio",
"54","24.90.57.139","1210124","m","w","Austrian, English, German, Swiss-German, French, Irish, and Dutch","1452060133","0","http://www.imdb.com/name/nm1210124/bio",
"55","24.90.57.139","2769412","f","w",,"1452060205","0",,
"56","24.90.57.139","586","f","b","Her father is of African-American descent and her mother is of Afro-Caribbean ancestry (from Barbados and Jamaica)","1452060233","0","http://www.imdb.com/name/nm0000586/bio",
"57","24.90.57.139","569","f","w","German, and some English and Irish; Eastern European","1452060340","0","http://www.imdb.com/name/nm0000569/bio",
"58","24.90.57.139","631","m","w","English","1452060424","0","http://www.imdb.com/name/nm0000631/bio",
"59","24.90.57.139","28764","m","w",,"1452060448","0",,
"60","24.90.57.139","604555","m","w",,"1452060554","0",,"http://cache1.asset-cache.net/gc/170713450-writer-producer-chris-morgan-attends-the-gettyimages.jpg?v=1&c=IWSAsset&k=2&d=GkZZ8bf5zL1ZiijUmxa7QT77SXDEful4PqZnJ%2BsL%2BaJnZ0le5WPqRalfW4GRWfG3TsH3iv3C4c6u%2FuBqX%2BbCrA%3D%3D"
"61","24.90.57.139","731826","f","w",,"1452060621","0",,
"62","24.90.57.139","438","m","w",,"1452133848","0",,
"63","24.90.57.139","164","m","w","half Welsh and half English","1452133877","0","http://www.imdb.com/name/nm0000164/bio",
"64","24.90.57.139","634240","m","w","Irish descent","1452134060","0","http://www.imdb.com/name/nm0634240/bio",
"65","24.90.57.139","640","m","w,h","Irish, Spanish","1452134158","0","http://www.imdb.com/name/nm0000640/bio",
"66","24.90.57.139","422","m","w","English, Welsh, and German","1452134474","0","http://www.imdb.com/name/nm0000422/bio",
"67","24.90.57.139","58581","m","w","His parents are both from Jewish families (their families moved to the U.S. from Austria, Germany, Russia, and Poland)","1452134538","0","http://www.imdb.com/name/nm0058581/bio",
"68","24.90.57.139","919363","m","w,h","His father was a German Jewish immigrant, his maternal grandfather was a Czech Jewish immigrant, and his maternal grandmother was Mexican","1452134648","0","http://www.imdb.com/name/nm0919363/bio",
"69","24.90.57.139","190859","m","h","Mexican","1452134698","0","http://www.imdb.com/name/nm0190859/bio",
"70","24.90.57.139","1490123","m","a","Malaysian","1452134755","0","http://www.imdb.com/name/nm1490123/bio",
"71","24.90.57.139","202425","m","w",,"1452134829","0",,
"72","24.90.57.139","2676147","m","w",,"1452135010","0",,
"73","24.90.57.139","68338","f","w","Scottish and Polish","1452135048","0","http://www.imdb.com/name/nm0068338/bio",
"74","24.90.57.139","1056741","f","w",,"1452135232","0",,
"75","24.90.57.139","2060857","m","a","Indian","1452135382","0","http://www.telegraphindia.com/1131029/jsp/t2/story_17504261.jsp#.Vo3TsfkrL4Y",
"76","24.90.57.139","288","m","w","English","1452135530","0","http://www.imdb.com/name/nm0000288/bio",
"77","24.90.57.139","1055413","m","w","German, Irish","1452135622","0","http://www.imdb.com/name/nm1055413/bio",
"78","24.90.57.139","768959","m","w",,"1452135723","0",,"https://upload.wikimedia.org/wikipedia/commons/f/fa/Dan_Scanlon.jpg"
"79","24.90.57.139","1325419","f","w","Norwegian (from her paternal grandfather), Irish, English, and Scottish","1452135836","0","http://www.imdb.com/name/nm1325419/bio",
"80","24.90.57.139","1087952","m","w",,"1452136042","0",,"http://deadshirt.net/wp-content/uploads/2013/12/lego1.jpg"
"81","24.90.57.139","1601644","f","w",,"1452136094","0",,
"82","24.90.57.139","528244","m","w",,"1452136417","0",,"https://pbs.twimg.com/profile_images/616740775020212224/vI_FnKzv.jpg"
"83","24.90.57.139","931329","f","w","Norwegian, as well as German, English, Swedish, Swiss-German, Danish, Welsh, and Scottish","1452136482","0","http://www.imdb.com/name/nm0931329/bio",
"84","24.90.57.139","579953","f","w","Russian and Eastern European Jewish","1452136580","0","https://en.wikipedia.org/wiki/Idina_Menzel",
"85","24.90.57.139","290556","m","w","His father was of half Portuguese and half Swedish descent. His mother is from an Ashkenazi Jewish family (from Russia, Germany, Poland, and Lithuania).","1452136648","0","http://www.imdb.com/name/nm0290556/bio",
"86","24.90.57.139","1159180","m","w","English, as well as smaller amounts of Scots-Irish (Northern Irish), German, Dutch, and French","1452136689","0","http://www.imdb.com/name/nm1159180/bio",
"87","24.90.57.139","121605","m","w",,"1452136761","0",,
"88","24.90.57.139","230032","m","w","German, Danish","1452136800","0","http://www.imdb.com/name/nm0230032/bio",
"89","24.90.57.139","688132","f","w","Irish (from her mother) and English, German, and Portuguese (from her father)","1452136824","0","http://www.imdb.com/name/nm0688132/bio",
"90","24.90.57.139","438449","m","w",,"1452136905","0",,"http://cache2.asset-cache.net/gc/164766861-oz-co-writer-mitchell-kapner-attends-the-gettyimages.jpg?v=1&c=IWSAsset&k=2&d=GkZZ8bf5zL1ZiijUmxa7QcHMc3yyFwVeACEbu7KsriWbr8J6YdW0o1lINUBw%2F28los9ehMYOSdZd6GNZR%2BypZA%3D%3D"
"91","24.90.57.139","355699","m","w",,"1452136934","0",,
"92","24.90.57.139","570364","m","w","Norwegian, Finnish, and English","1452137364","0","http://www.imdb.com/name/nm0570364/bio",
"93","24.90.57.139","648153","m","w",,"1452137451","0",,"https://upload.wikimedia.org/wikipedia/commons/0/01/Ty_Olsson.jpg"
"94","24.90.57.139","1471001","m","w",,"1452137616","0",,"http://www.superiorpics.com/pictures/thumb270/3C7V671830703.jpg"
"95","24.90.57.139","2554352","m","w",,"1452137680","0",,
"96","24.90.57.139","829576","f","w",,"1452137990","0",,
"97","24.90.57.139","1500155","m","w",,"1452138117","0",,
"98","24.90.57.139","1392","m","w","Parents immigrated from England to New Zealand","1452138344","0","https://en.wikipedia.org/wiki/Peter_Jackson#Early_life",
"99","24.90.57.139","506977","m","w",,"1452138436","0",,"http://cdn4.thr.com/sites/default/files/imagecache/300_portrait/2011/06/bradlewis_a_p.jpg"
"100","24.90.57.139","425005","m","b,a","His father is black (of Black Nova Scotian descent), and his mother is of Samoan background","1452138527","0","http://www.imdb.com/name/nm0425005/bio",
"101","24.90.57.139","83348","m","w","Irish grandfather","1452138628","0","https://en.wikipedia.org/wiki/Brad_Bird#Early_life",
"102","24.90.57.139","242","m","w","Irish, Swedish (from his paternal grandfather), and more distant French-Canadian and English","1452138690","0","http://www.imdb.com/name/nm0000242/bio",
"103","24.90.57.139","451234","m","a","Indian","1452138737","0","http://www.imdb.com/name/nm0451234/bio",
"104","24.90.57.139","1321655","m","w",,"1452138761","0",,
"105","24.90.57.139","5212","m","w","Scottish, Northern Irish, and English","1452138783","0","http://www.imdb.com/name/nm0005212/bio",
"106","24.90.57.139","923736","m","w",,"1452138895","0",,
"107","24.90.57.139","963359","f","w",,"1452138958","0",,
"108","24.90.57.139","437","m","w","English, Scottish, German, and distant Dutch and Welsh","1452139057","0","http://www.imdb.com/name/nm0000437/bio",
"109","24.90.57.139","1321656","m","w",,"1452139083","0",,
"110","24.90.57.139","1674","m","b",,"1452141905","0","https://en.wikipedia.org/wiki/Chris_Rock#Personal_life",
"111","24.90.57.139","498278","m","w","Romanian Jewish","1452141983","0","http://www.imdb.com/name/nm0498278/bio",
"112","24.90.57.139","1132","f","w","Irish","1452142134","0","https://en.wikipedia.org/wiki/Category:British_people_of_Irish_descent",
"113","24.90.57.139","456158","m","w","Austrian Jewish","1452142188","0","http://www.imdb.com/name/nm0456158/bio",
"114","24.90.57.139","1089991","m","w","His father is Scottish. His mother is English, and has English, Welsh, and German ancestry.","1452142244","0","http://www.imdb.com/name/nm1089991/bio",
"115","24.90.57.139","674518","m","w","French","1452142312","0","https://en.wikipedia.org/wiki/Charles_Perrault","https://upload.wikimedia.org/wikipedia/commons/d/d4/ChPerrault.jpg"
"116","24.90.57.139","1193262","f","w",,"1452142375","0",,
"117","24.90.57.139","52520","m","w",,"1452142509","0",,"http://www.fanphobia.net/uploads/actors_2/53896/milt-banta.jpg"
"118","24.90.57.139","888743","m","w","The Vanderbilt family is an American family of Dutch origin","1452142607","0","https://en.wikipedia.org/wiki/James_Vanderbilt#Early_life_and_education",
"119","24.90.57.139","424060","f","w","Ashkenazi Jewish, Danish","1452142676","0","http://www.imdb.com/name/nm0424060/bio",
"120","24.90.57.139","85400","m","w",,"1452142769","0",,
"121","24.90.57.139","1512166","f","a","Korean","1452142789","0","http://www.imdb.com/name/nm1512166/bio",
"122","24.90.57.139","812307","m","a","Korean","1452142827","0","https://en.wikipedia.org/wiki/Peter_Sohn#Life_and_career",
"123","24.90.57.139","834960","m","w","Lithuanian, Russian, and Polish","1452142887","0","https://en.wikipedia.org/wiki/Danny_Strong#Early_life",
"124","24.90.57.139","1557594","m","w","Jewish","1452145397","0",,
"125","24.90.57.139","1989536","m","w",,"1452145434","0",,
"126","24.90.57.139","204","f","w","Ashkenazi Jewish, Polish, Romanian, Austrian, Russian, Lithuanian","1452145617","0","http://www.imdb.com/name/nm0000204/bio",
"127","24.90.57.139","83655","m","o","Comanche","1452145668","0","https://en.wikipedia.org/wiki/Gil_Birmingham",
"128","24.90.57.139","5363","m","w","English","1452146190","0","https://en.wikipedia.org/wiki/Guy_Ritchie#Early_life",
"129","24.90.57.139","908094","m","w","English and German","1452314772","0","http://www.imdb.com/name/nm0908094/bio",
"130","24.90.57.139","1459","m","w","Irish","1452314877","0","http://www.imdb.com/name/nm0001459/bio",
"131","24.90.57.139","1297015","f","w","Swedish (from her paternal grandfather), English, German, Scottish, and Irish","1452314907","0","http://www.imdb.com/name/nm1297015/bio",
"132","24.90.57.139","434","m","w","Mark's maternal grandfather was of Swedish descent. Mark's other ancestry includes English, Irish, Scottish and Welsh.","1452360391","0","http://www.imdb.com/name/nm0000434/bio",
"133","24.90.57.139","625858","m","w",,"1452360456","0",,
"134","24.90.57.139","811583","m","w",,"1452360517","0",,
"135","24.90.57.139","479471","m","w","His mother is from an Ashkenazi Jewish family, while his father has Cajun (French) ancestry","1452360544","0","http://www.imdb.com/name/nm0479471/bio",
"136","24.90.57.139","4874","m","w,b","Mother is English, German, Scottish, and Irish. Biological father's race not publicly known. Diesel identifies as person of color. Some sources say his biological father was African-American ","1452377212","0","http://ethnicelebs.com/vin-diesel",
"137","24.90.57.139","1349376","m","w",,"1452377396","0",,
"138","24.90.57.139","563301","m","w",,"1452377432","0",,
"139","24.90.57.139","302108","m","w","His father is of Greek descent and his mother is of mostly English and Scottish ancestry","1452377466","0","http://www.imdb.com/name/nm0302108/bio",
"140","24.90.57.139","881","m","w","Grandfather was Russian","1452377551","0","https://en.wikipedia.org/wiki/Michael_Bay#Early_life",
"141","24.90.57.139","1206844","m","w",,"1452377647","0",,
"142","24.90.57.139","47916","m","w",,"1452377687","0",,"http://cache1.asset-cache.net/gc/458410596-writer-robert-l-baird-attends-the-premiere-gettyimages.jpg?v=1&c=IWSAsset&k=2&d=GkZZ8bf5zL1ZiijUmxa7Qa6Dv73SGGwCo4lsn%2FwQ9H%2FIBmccTkfpkO3bvjq0aoMjAubK%2BqBzkETmly7US2slyg%3D%3D"
"143","24.90.57.139","2225369","f","w","English, German, Irish, and Scottish","1452377712","0","http://www.imdb.com/name/nm2225369/bio",
"144","24.90.57.139","5458","m","w",,"1452377799","0",,
"145","24.90.57.139","948","m","w",,"1452377896","0",,
"146","24.90.57.139","2657","m","w",,"1452377963","0",,
"147","24.90.57.139","35514","m","w",,"1452378094","0",,
"148","24.90.57.139","1806","m","w","The Turturro family originates from Sicily, Italy","1452378144","0","http://www.imdb.com/name/nm0001806/bio",
"149","24.90.57.139","185819","m","w","English, as well as Welsh, Scottish, and Irish","1452378182","0","http://www.imdb.com/name/nm0185819/bio",
"150","24.90.57.139","365140","f","b","Her father is from Jamaica and her mother is from Trinidad","1452378400","0","http://www.imdb.com/name/nm0365140/bio",
"151","24.90.57.139","826714","m","w",,"1452378500","0",,"http://cdn.collider.com/wp-content/uploads/Zack-Stentz-01.jpg"
"152","24.90.57.139","1745","m","w","Swedish","1452378581","0","http://www.imdb.com/name/nm0001745/bio",
"153","24.90.57.139","644406","m","w","German and Swiss-German","1452378891","0","http://www.imdb.com/name/nm0644406/bio",
"154","24.90.57.139","532235","m","w","English, Scottish, and Irish","1452379044","0","http://www.imdb.com/name/nm0532235/bio",
"155","24.90.57.139","544334","f","w",,"1452379086","0",,
"156","24.90.57.139","751577","m","w",,"1452379149","0",,
"157","24.90.57.139","668309","m","w",,"1452379191","0",,"https://upload.wikimedia.org/wikipedia/commons/b/ba/DonPayneJuly08.jpg"
"158","24.90.57.139","12523","m","w",,"1452379655","0",,
"159","24.90.57.139","293509","m","w","English and Irish","1452379684","0","http://www.imdb.com/name/nm0293509/bio",
"160","24.90.57.139","352778","m","w","German, Danish, Irish, and English","1452379712","0","http://www.imdb.com/name/nm0352778/bio",
"161","24.90.57.139","1249256","m","w",,"1452379778","0",,
"162","24.90.57.139","460141","m","w",,"1452379822","0",,"http://cdn.collider.com/wp-content/uploads/steven_kloves_harry_potter_akira.jpg"
"163","24.90.57.139","524839","m","w,b,o","African-American, English, Jewish, and Native American ancestry","1452379914","0","https://en.wikipedia.org/wiki/Ludacris#Early_life",
"164","24.90.57.139","1046097","f","w","English, Welsh, Irish, and Scottish","1452380009","0","http://www.imdb.com/name/nm1046097/bio",
"165","24.90.57.139","914612","f","w","English","1452380074","0","http://www.imdb.com/name/nm0914612/bio",
"166","24.90.57.139","1802251","f","w",,"1452380117","0",,
"167","24.90.57.139","128","m","w","Welsh (where his paternal grandfather was born, in Wrexham), English, Irish, Scottish, Norwegian, Swedish, and Maori (one of Crowe's maternal great-grandmothers, Erana Putiputi Hayes Heihi, was Maori)","1452380163","0","http://www.imdb.com/name/nm0000128/bio",
"168","24.90.57.139","345","m","w","His family were Jewish immigrants from Russia, Austria, and Lithuania","1452380298","0","http://www.imdb.com/name/nm0000345/bio",
"169","24.90.57.139","262635","m","w","Chris's father is of half German and half Welsh/English/Scottish ancestry, while Chris's mother is of half Italian and half Irish descent","1452380328","0","http://www.imdb.com/name/nm0262635/bio",
"170","24.90.57.139","588087","m","w",,"1452380390","0",,
"171","24.90.57.139","2024644","m","w,a","father (American of British descent), mother (American of Korean descent)","1452380423","0","http://www.imdb.com/name/nm2024644/bio",
"172","24.90.57.139","118333","m","w",,"1452380446","0",,
"173","24.90.57.139","1102577","f","w","German, Irish, English, French, and Channel Islander","1452380829","0","http://www.imdb.com/name/nm1102577/bio",
"174","24.90.57.139","1838","f","w","Her father is a Hungarian Jewish immigrant, and her Austrian-born mother, who left Vienna in the 1930s, is of Italian and Austrian Jewish heritage","1452380866","0","http://www.imdb.com/name/nm0001838/bio",
"175","24.90.57.139","413168","m","w","English, Greek, Scottish","1452380905","0","http://www.imdb.com/name/nm0413168/bio",
"176","24.90.57.139","330687","m","w","Russian, Lithuanian, Romanian, Polish Jewish","1452381009","0","http://www.imdb.com/name/nm0330687/bio",
"177","24.90.57.139","809613","f","w",,"1452381083","0",,
"178","24.90.57.139","1005420","m","w",,"1452381127","0",,"https://upload.wikimedia.org/wikipedia/commons/a/ac/Ashley_E._Miller_%2816864055710%29.jpg"
"179","24.90.57.139","700760","m","w",,"1452381158","0",,"https://upload.wikimedia.org/wikipedia/commons/e/e4/Steve_Purcell_GDC_08.jpg"
"180","24.90.57.139","670408","m","w",,"1452381235","0",,
"181","24.90.57.139","510912","m","a","Taiwanese","1452381272","0","https://en.wikipedia.org/wiki/Justin_Lin",
"182","24.90.57.139","668","f","w","Scottish, English","1452381364","0","http://www.imdb.com/name/nm0000668/bio",
"183","24.90.57.139","742279","f","w","Irish Catholic, Jewish","1452381483","0","https://en.wikipedia.org/wiki/Melissa_Rosenberg#Early_life",
"184","24.90.57.139","215455","m","a","Filipino","1452381531","0","https://en.wikipedia.org/wiki/Ronnie_del_Carmen",
"185","24.90.57.139","879085","m","b",,"1452381633","0","http://www.imdb.com/name/nm0879085/awards",
"186","24.90.57.139","64479","m","w",,"1452381662","0",,
"187","24.90.57.139","110","m","w","Irish","1452381789","0","http://www.imdb.com/name/nm0000110/bio",
"188","24.90.57.139","1334526","m","w",,"1452381886","0",,
"189","24.90.57.139","4881574","m","w",,"1452382008","0",,"https://upload.wikimedia.org/wikipedia/commons/9/91/Chris_Kyle_January_2012.jpg"
"190","24.90.57.139","147147","m","w","Irish, Scottish, and English","1452382182","0","http://www.imdb.com/name/nm0147147/bio",
"191","24.90.57.139","1339223","m","w",,"1452382264","0",,
"192","24.90.57.139","10736","f","w","English, as well as smaller amounts of Danish, Swiss-German, and Norwegian","1452382294","0","http://www.imdb.com/name/nm0010736/bio",
"193","24.90.57.139","719637","m","w"," German, English, Scottish, Irish, and Swedish; some of his forebears also lived in Panama","1452382354","0","http://www.imdb.com/name/nm0719637/bio",
"194","24.90.57.139","564215","m","w",,"1452382505","0",,
"195","24.90.57.139","600","m","w","Hungarian Jewish and Russian Jewish","1452382575","0","http://www.imdb.com/name/nm0000600/bio",
"196","24.90.57.139","1602","m",,"English and Scottish","1452383031","0","http://www.imdb.com/name/nm0001602/bio",
"197","24.90.57.139","185976","m","w",,"1452383081","0",,
"198","24.90.57.139","1865755","m","w",,"1452383226","0",,
"199","24.90.57.139","114","m","w"," Italian (father) and English, Dutch, and Irish (mother)","1452383255","0","http://www.imdb.com/name/nm0000114/bio",
"200","24.90.57.139","356017","f","w,b,o","Dutch, Scottish, Sioux, and African American","1452383369","0","http://www.imdb.com/name/nm0356017/bio",
"201","24.90.57.139","612487","m","w","Irish, German; reference link refers to Dermot Mulroney, his brother","1452383523","0","http://www.imdb.com/name/nm0000551/bio?ref_=nm_ov_bio_sm",
"202","24.90.57.139","375","m","w","Robert's father is of half Lithuanian Jewish, one quarter Hungarian Jewish, and one quarter Irish, descent, while Robert's mother was of English, Scottish, German, and Swiss-German","1452383557","0","http://www.imdb.com/name/nm0000375/bio",
"203","24.90.57.139","415425","m","w",,"1452384550","0",,"http://cache4.asset-cache.net/gc/486108262-writer-rick-jaffa-arrives-for-the-premiere-gettyimages.jpg?v=1&c=IWSAsset&k=2&d=X7WJLa88Cweo9HktRLaNXmbykHU%2BXGNQxnvpuvfkIzRsldEWvJ4PBvMLSkT27F9RgPEm%2BIAw%2B5K2BAnrEzRyAQ%3D%3D"
"204","24.90.57.139","672015","m","w",,"1452385579","0",,
"205","24.90.57.139","5109","f","w","Ashkenazi Jewish","1452385696","0","http://www.imdb.com/name/nm0005109/bio",
"206","24.90.57.139","56187","m","w","His father, born in Wales and raised in England, is of Eastern European Jewish descent, while his mother was born in Israel, to German Jewish parents","1452385754","0","http://www.imdb.com/name/nm0056187/bio",
"207","24.90.57.139","1241511","m","u","possibly Greenland Inuit","1452386147","0","http://www.hollywoodreporter.com/news/gravity-spinoff-watch-side-sandra-657919","https://image.tmdb.org/t/p/w300/cIpItbFg6AqAVdAYDgFMlwZlf9p.jpg"
"208","24.90.57.139","362766","m","w","English and Irish","1452386182","0","http://www.imdb.com/name/nm0362766/bio",
"209","24.90.57.139","1578335","m","w",,"1452440493","0",,
"210","24.90.57.139","1996829","m","b","Nigerian","1452440592","0","https://en.wikipedia.org/wiki/Nonso_Anozie#Life_and_career","https://upload.wikimedia.org/wikipedia/commons/5/5a/Nonso_Anozie_at_the_Pan_Premiere_%28cropped%29.jpg"
"211","24.90.57.139","941314","f","w",,"1452441401","0",,
"212","24.90.57.139","176869","m","w","Irish","1452441434","0","http://www.imdb.com/name/nm0176869/bio",
"213","24.90.57.139","5562","m","w","Irish-American","1452441473","0","http://www.imdb.com/name/nm0005562/bio",
"214","24.90.57.139","314870","m","w",,"1452444686","0",,"http://vignette3.wikia.nocookie.net/disney/images/e/e5/Daniel_Gerson.jpg/revision/latest?cb=20151210173111"
"215","24.90.57.139","3994407","m","w,a","Japanese father and a caucasian American-Jewish mother","1452444760","0","http://www.imdb.com/name/nm3994407/bio",
"216","24.90.57.139","932","f","w,b","father was African-American, mother has English and German ancestry","1452444833","0","http://www.imdb.com/name/nm0000932/bio",
"217","24.90.57.139","800209","m","w",,"1452444899","0",,"https://upload.wikimedia.org/wikipedia/commons/0/0a/JoeSimonatNYComicCon2006.jpg"
"218","24.90.57.139","1691","m","w","His mother was of German descent and his father had English, Irish, and Scottish ancestry","1452444943","0","http://www.imdb.com/name/nm0001691/bio",
"219","24.90.57.139","175262","m","w","Irish, Scottish","1452447834","0","https://en.wikipedia.org/wiki/Billy_Connolly#Ancestry",
"220","24.90.57.139","254645","m","w",,"1452447886","0",,"https://upload.wikimedia.org/wikipedia/commons/4/4a/3493_Ted_Elliott.jpg"
"221","24.90.57.139","714147","f","w","German, Swedish, English, Irish, and Scottish","1452448088","0","http://www.imdb.com/name/nm0714147/bio",
"222","24.90.57.139","241049","m","w","French-Canadian (from his great-great-grandfather; his last name is a very common last name among Francophones in the world), Norwegian, German, Irish, and English","1452448117","0","http://www.imdb.com/name/nm0241049/bio",
"223","24.90.57.139","973","m","w,o","English, German, and Austrian descent on his father's side, and of Peruvian (Qechua) descent on his mother's side","1452448181","0","http://www.imdb.com/name/nm0000973/bio",
"224","24.90.57.139","2093766","m","w",,"1452448250","0",,
"225","24.90.57.139","2955013","m","w","Dutch (from his immigrant maternal grandfather), Irish, English, Scottish, and German","1452448289","0","http://www.imdb.com/name/nm2955013/bio",
"226","24.90.57.139","2320658","m","w",,"1452448317","0",,
"227","24.90.57.139","4851","f","h","Spanish","1452448447","0","http://www.imdb.com/name/nm0004851/bio",
"228","24.90.57.139","1099","m","w","English, Northern Irish (Scots-Irish), Scottish, and German","1452448551","0","http://www.imdb.com/name/nm0001099/bio",
"229","24.90.57.139","201509","m","w",,"1452448631","0",,
"230","24.90.57.139","421822","m","a","Korean","1452448652","0","http://www.imdb.com/name/nm0421822/bio",
"231","24.90.57.139","152312","f","w",,"1452448695","0",,
"232","24.90.57.139","6984200","m","w",,"1452448958","0",,"http://a57.foxnews.com/media2.foxnews.com/BrightCove/694940094001/2013/02/04/780/438/694940094001_2142742788001_McEwen.jpg"
"233","24.90.57.139","749263","m","w","His father's ancestry is Italian, and his mother is of half French-Canadian and half Italian descent","1452449008","0","http://www.imdb.com/name/nm0749263/bio",
"234","24.90.57.139","2949014","m","w","He is of half Italian, one quarter Portuguese, and one quarter Spanish, descent","1452449164","0","https://en.wikipedia.org/wiki/Santino_Fontana#Life_and_career",
"235","24.90.57.139","2270979","f","w",,"1452449246","0",,
"236","24.90.57.139","2443758","f","w","Ashkenazi Jewish (from her father) and German, Welsh, and English (from her mother)","1452449277","0","http://www.imdb.com/name/nm2443758/bio",
"237","24.90.57.139","4141252","f","w","Scottish, English, French, and more distant German","1452449320","0","http://www.imdb.com/name/nm4141252/bio",
"238","24.90.57.139","705356","m","w","His father is from a Northern Irish Protestant background, while his mother was born in South Africa, to a Jewish family (from Lithuania, Poland, Russia, and Germany)","1452449407","0","http://www.imdb.com/name/nm0705356/bio",
"239","24.90.57.139","1176985","m","w,a","His father is Filipino, and his mother has Greek ancestry","1452449498","0","http://www.imdb.com/name/nm1176985/bio",
"240","24.90.57.139","148","m","w","His father was of Irish and German ancestry, while his maternal grandparents were Jewish immigrants from Minsk, Belarus","1452449521","0","http://www.imdb.com/name/nm0000148/bio",
"241","24.90.57.139","757855","f","h","Her father had Dominican ancestry; her mother is Puerto Rican. She also has Haitian and Lebanese ancestry.","1452449560","0","http://www.imdb.com/name/nm0757855/bio",
"242","24.90.57.139","474","m","w","Irish, as well as English, Scottish, and German","1452449663","0","http://www.imdb.com/name/nm0000474/bio",
"243","24.90.57.139","5124","m","w",,"1452449748","0",,
"244","24.90.57.139","671567","m","h","Mexican-American","1452449777","0","http://www.imdb.com/name/nm0671567/bio",
"245","24.90.57.139","930261","m","w",,"1452450009","0",,
"246","24.90.57.139","1273397","m","w",,"1452450128","0",,"http://cdn4.thr.com/sites/default/files/imagecache/NFE_portrait/2014/10/wellesley_wild_a_p.jpg"
"247","24.90.57.139","1853544","m","w,a","French, Indonesian","1452450215","0","https://en.wikipedia.org/wiki/Pierre_Coffin#Life_and_career",
"248","24.90.57.139","849","m","h","Spanish","1452450314","0","http://www.imdb.com/name/nm0000849/bio",
"249","24.90.57.139","1265802","m","w","His father was born in Afghanistan, to an Afghan Jewish family. His mother, who is originally from New York, is of Ashkenazi Jewish background","1452450392","0","http://www.imdb.com/name/nm1265802/bio",
"250","24.90.57.139","899","f","w","Italian","1452450462","0","http://www.imdb.com/name/nm0000899/bio",
"251","24.90.57.139","905498","m","w",,"1452450578","0",,"http://www1.pictures.zimbio.com/gi/2012+Doha+Tribeca+Film+Festival+Day+3+ZSSuSZe1_44l.jpg"
"252","24.90.57.139","49633","m","w","Maltese","1452450714","0","https://en.wikipedia.org/wiki/Kyle_Balda#Early_life","http://www.independent.ie/entertainment/article31315261.ece/ALTERNATES/h342/2015-06-21_ent_10483778_I1.JPG"
"253","24.90.57.139","32227","m","w",,"1452450739","0",,"https://upload.wikimedia.org/wikipedia/commons/5/5e/Josh_Appelbaum_by_Gage_Skidmore.jpg"
"254","24.90.57.139","1401","f","w","German and Slovak on her father's side, and French-Canadian, Dutch, German, Czech, and remote Huron","1452450770","0","http://www.imdb.com/name/nm0001401/bio",
"255","24.90.57.139","910278","f","w","Irish, English","1452450947","0","http://www.imdb.com/name/nm0910278/bio",
"256","24.90.57.139","4906","m",,"Italian","1452451618","0","http://www.imdb.com/name/nm0004906/bio",
"257","24.90.57.139","236279","m","w","English, Irish","1452451653","0","https://en.wikipedia.org/wiki/Arthur_Conan_Doyle#Early_life",
"258","24.90.57.139","332","m","b",,"1452451868","0","http://www.pbs.org/wnet/aalives/profiles/cheadle.html",
"259","24.90.57.139","2244205","f","w","French and Alsatian German descent, with more distant Spanish-Venezuelan roots on her father's side","1452455916","0","http://www.imdb.com/name/nm2244205/bio",
"260","24.90.57.139","2071","m","w","English, with smaller amounts of Irish, German, and Welsh","1452456084","0","http://www.imdb.com/name/nm0002071/bio",
"261","24.90.57.139","123","m","w","Irish, English, and German","1452456119","0","http://www.imdb.com/name/nm0000123/bio",
"262","24.90.57.139","569891","m","w",,"1452456156","0",,
"263","24.90.57.139","574534","m","w","His father was Scottish and his mother was of English and Irish descent","1452456178","0","http://www.imdb.com/name/nm0574534/bio",
"264","24.90.57.139","661","m","w","Scottish, as well as German and English","1452456204","0","http://www.imdb.com/name/nm0000661/bio",
"265","24.90.57.139","834902","m","w",,"1452456563","0",,
"266","24.90.57.139","5397459","f","w",,"1452456709","0",,
"267","24.90.57.139","1710","m","w","Ashkenazi Jewish (from Ukraine, Austria, Russia, Germany, and Belarus)","1452456830","0","http://www.imdb.com/name/nm0001710/bio",
"268","24.90.57.139","680846","m","w",,"1452456873","0",,
"269","24.90.57.139","1092227","f","w","South African-born English","1452456979","0","http://www.imdb.com/name/nm1092227/bio",
"270","24.90.57.139","909638","f","w","Irish","1452457036","0","https://en.wikipedia.org/wiki/Fran_Walsh#Early_life",
"271","24.90.57.139","113","f","w","Irish, English, French, and German","1452457075","0","http://www.imdb.com/name/nm0000113/bio",
"272","24.90.57.139","574615","m","w","Scottish","1452457130","0","http://www.imdb.com/name/nm0574615/bio",
"273","24.90.57.139","970447","m","w",,"1452457216","0",,
"274","24.90.57.139","454236","m","w",,"1452457314","0",,
"275","24.90.57.139","323","m","w","His father had English, Irish, and, reportedly, gypsy ancestry","1452457434","0","https://en.wikipedia.org/wiki/Michael_Caine#Early_life",
"276","24.90.57.139","1059","m","w","Scottish","1452457515","0","https://en.wikipedia.org/wiki/Robbie_Coltrane",
"277","24.90.57.139","5222","m","w","His father, who is from Trinidad, is of Portuguese and Italian descent, and his mother is an English Jew","1452457776","0","https://en.wikipedia.org/wiki/Sam_Mendes#Early_years",
"278","24.90.57.139","701031","m","w",,"1452457829","0",,"http://www.cinemapassion.com/photos-personnalites/Neal-Purvis-photo-7971.jpg"
"279","24.90.57.139","26153","m","w","Danish","1452457919","0","https://en.wikipedia.org/wiki/Hans_Christian_Andersen","https://upload.wikimedia.org/wikipedia/commons/7/75/HCA_by_Thora_Hallager_1869.jpg"
"280","24.90.57.139","358316","m","w","German, English, and Irish","1452457947","0","http://www.imdb.com/name/nm0358316/bio",
"281","24.90.57.139","2492819","f",,"Ashkenazi Jewish and English","1452457977","0","http://www.imdb.com/name/nm2492819/bio",
"282","24.90.57.139","860155","m","w",,"1452458048","0",,"https://upload.wikimedia.org/wikipedia/commons/7/75/IX8P4566_Gary_Scott_Thompson.jpg"
"283","24.90.57.139","1288","m",,"English, German, Irish and Scottish","1452458106","0","http://www.imdb.com/name/nm0001288/bio",
"284","24.90.57.139","666791","m","w",,"1452458161","0",,"http://www2.pictures.zimbio.com/gi/Premiere+Universal+Pictures+Despicable+2+Arrivals+ea6l8mMzT2Dl.jpg"
"285","24.90.57.139","307","f","w,h","Father was of English ancestry; maternal grandfather was a half-Jewish/half-Catholic Spanish; maternal grandmother from a Jewish family (from Germany, Austria, France, Bohemia, and Ukraine)","1452458560","0","http://www.imdb.com/name/nm0000307/bio",
"286","24.90.57.139","1119880","m","w",,"1452470345","0",,
"287","24.90.57.139","1567113","f","w,h","one quarter Spanish/Basque, as well as of one eighth Greek, descent, with the remainder of her ancestry including English, German, French, Dutch, Scots-Irish (Northern Irish), and Scottish","1452485344","0","http://www.imdb.com/name/nm1567113/bio",
"288","65.88.88.75","719208","m","w",,"1452557461","0",,
"289","65.88.88.75","4715","m","w",,"1452557553","0",,
"290","65.88.88.75","101991","f","w",,"1452557594","0",,
"291","65.88.88.75","638824","m","w","Swedish, Italian","1452557640","0","http://www.imdb.com/name/nm0638824/bio",
"292","65.88.88.75","352","m","w","Italian","1452557675","0","http://www.imdb.com/name/nm0000352/bio",
"293","65.88.88.75","1934618","m","w",,"1452559282","0",,
"294","65.88.88.75","746830","f","w","Her mother was half-French and half-Scottish","1452559568","0","http://www.imdb.com/name/nm0746830/bio",
"295","65.88.88.75","1804","m","w","His family is Italian-American, with origins in Calabria","1452559653","0","http://www.imdb.com/name/nm0001804/bio",
"296","65.88.88.164","531808","f","w","Scottish","1452642500","0","http://www.imdb.com/name/nm0531808/bio",
"297","65.88.88.164","1767","f","w","Irish","1452642590","0","https://en.wikipedia.org/wiki/Imelda_Staunton#Early_life_and_education",
"298","65.88.88.164","788335","m","w",,"1452642686","0",,
"299","65.88.88.164","607865","f","w",,"1452642735","0",,
"300","65.88.88.164","1741","m","w",,"1452642774","0",,
"301","65.88.88.164","333060","m","w",,"1452642814","0",,
"302","65.88.88.164","178","f","w","English, and some German and Scots-Irish (Northern Irish)","1452642878","0","http://www.imdb.com/name/nm0000178/bio",
"303","65.88.88.164","103785","m","w","His father is of Ashkenazi Jewish descent (from a family from Austria and Russia). His mother is from a family with English and Scottish ancestry","1452642952","0","http://www.imdb.com/name/nm0103785/bio",
"304","65.88.88.164","364813","m","w","Irish, Welsh","1452642986","0","http://www.imdb.com/name/nm0364813/bio",
"305","65.88.88.164","735442","f","h","Puerto Rican and Dominican","1452643031","0","http://www.imdb.com/name/nm0735442/bio",
"306","65.88.88.164","168","m","b",,"1452643093","0","http://www.imdb.com/name/nm0000168/bio","https://upload.wikimedia.org/wikipedia/commons/1/15/Samuel_L._Jackson_SDCC_2014_%28cropped%29.jpg"
"307","65.88.88.164","1388927","f","w","English, Irish, and French","1452643138","0","http://www.imdb.com/name/nm1388927/bio",
"308","65.88.88.164","412850","m","w","English","1452643215","0","https://en.wikipedia.org/wiki/Eddie_Izzard#Early_life",
"309","65.88.88.164","198","m","w","English, with a smaller amount of Irish","1452643274","0","http://www.imdb.com/name/nm0000198/bio",
"310","65.88.88.164","3915784","m","b",,"1452643304","0","http://www.imdb.com/name/nm3915784/bio",
"311","65.88.88.164","1165110","m","w","Dutch (from his immigrant maternal grandfather), Irish, English, Scottish, and German","1452643327","0","http://www.imdb.com/name/nm1165110/bio",
"312","65.88.88.164","1410","m","w",,"1452643356","0",,
"313","65.88.88.164","1209966","m","h","Guatemalan, Cuban","1452643376","0","http://www.imdb.com/name/nm1209966/bio",
"314","65.88.88.164","910607","m","w","German, Austrian, Viennese","1452643462","0","http://www.imdb.com/name/nm0910607/bio",
"315","65.88.88.164","1083982","m","w",,"1452643489","0",,"https://upload.wikimedia.org/wikipedia/commons/b/b5/Andy_Weir_at_NASA_JSC-crop.png"
"316","65.88.88.164","876","m","w",,"1452643540","0",,
"317","65.88.88.164","108287","f","w,h","Mother is Brazilian; Father is English and Scottish; technically not hispanic; identifies as Latina","1452643831","0","http://www.huffingtonpost.com/2012/06/13/dallas-star-jordana-brewster_n_1595303.html",
"318","65.88.88.164","472567","m","w",,"1452643854","0",,
"319","65.88.88.164","798646","f","w",,"1452643910","0",,"http://2.bp.blogspot.com/-Q6bvL2stV5M/U6I5awK3RsI/AAAAAAAAH80/7qnH6SfsSnM/s1600/rick+jaffa,+amanda+silver+mjones.png"
"320","65.88.88.164","1745736","f","w,b","Her father is African-American and her mother, who is caucasian, has German, English, and Dutch ancestry","1452643932","0","http://www.imdb.com/name/nm1745736/bio",
"321","65.88.88.164","551128","m","w",,"1452643964","0",,
"322","24.90.57.139","799","m","w","Jewish Russian-born parents","1453776958","0","https://en.wikipedia.org/wiki/Ed_Asner#Early_life_and_education",
"323","24.90.57.139","586568","m","w","Danish","1453777042","0","http://www.imdb.com/name/nm0586568/bio",
"324","24.90.57.139","98378","f","w",,"1453777156","0",,
"325","24.90.57.139","51509","m","w","Croatian, German","1453777293","0","http://www.imdb.com/name/nm0051509/bio",
"326","24.90.57.139","1131557","m","w","Swiss-German, German, English, Irish, Manx, Scottish, and Dutch","1453777321","0","http://www.imdb.com/name/nm1131557/bio",
"327","24.90.57.139","781981","m","w","His mother is of English, Scottish, and Irish ancestry, and his father is of Ashkenazi Jewish descent","1453777349","0","http://www.imdb.com/name/nm0781981/bio",
"328","24.90.57.139","993","f","w",,"1453777486","0",,
"329","24.90.57.139","716490","m","w","Irish","1453777519","0","https://en.wikipedia.org/wiki/Vincent_Regan",
"330","24.90.57.139","349","f","w","Irish","1453777542","0","http://www.imdb.com/name/nm0000349/bio",
"331","24.90.57.139","941777","m","w","English","1453777607","0","https://en.wikipedia.org/wiki/Sam_Worthington",
"332","24.90.57.139","234","f","w","Afrikaner (Dutch), as well as French (the origin of her surname), and German","1453777705","0","http://www.imdb.com/name/nm0000234/bio",
"333","24.90.57.139","23832","m","w","Polish Jewish, French","1453777743","0","http://www.imdb.com/name/nm0023832/bio",
"334","24.90.57.139","491","m","w,h","Colombian; paternal grandfather was of Puerto Rican and Italian descent and his maternal grandfather was Lebanese","1453777885","0","https://en.wikipedia.org/wiki/John_Leguizamo#Early_life",
"335","24.90.57.139","173","f","w","English, Irish, and Scottish","1453777911","0","http://www.imdb.com/name/nm0000173/bio",
"336","24.90.57.139","922035","m","w","English, Irish","1453777947","0","http://www.imdb.com/name/nm0922035/bio",
"337","24.90.57.139","704","m","w","English, German, Austrian, and Danish","1453777970","0","http://www.imdb.com/name/nm0000704/bio",
"338","24.90.57.139","746125","m","w","English, Scottish, and German","1453777989","0","http://www.imdb.com/name/nm0746125/bio",
"339","24.90.57.139","397788","m","w",,"1453778011","0",,
"340","24.90.57.139","704270","m","w","His father was of Italian ancestry and his mother is of Irish ancestry","1453778048","0","http://www.imdb.com/name/nm0704270/bio",
"341","24.90.57.139","5148","m","b","Jamaican","1453778076","0","http://www.imdb.com/name/nm0005148/bio",
"342","24.90.57.139","5377","m","w",,"1453778131","0",,
"343","24.90.57.139","3050831","o","u","A text-to-speech program","1453778192","0",,
"344","24.90.57.139","202603","m","w","English, Irish","1453778323","0","http://www.imdb.com/name/nm0202603/bio",
"345","24.90.57.139","1682","m","w","His father was a Scottish immigrant. His mother, who was from Missouri, had English ancestry","1453778405","0","http://www.imdb.com/name/nm0001682/bio",
"346","24.90.57.139","115","m","w","He is of Italian (father) and German, English, and Polish (mother) descent","1453778429","0","http://www.imdb.com/name/nm0000115/bio",
"347","24.90.57.139","461136","f","w","Her father is English, while her Scottish-born mother is of Scottish and Welsh origin","1453778450","0","http://www.imdb.com/name/nm0461136/bio",
"348","24.90.57.139","528331","f","w","Her paternal grandparents were Irish. Her mother was of half Irish and half Swedish ancestry.","1453778518","0","http://www.imdb.com/name/nm0528331/bio",
"349","24.90.57.139","439170","m","w","son of Russian-born Jewish immigrants","1453778584","0","https://en.wikipedia.org/wiki/James_Karen#Early_life",
"350","24.90.57.139","1277","m","w,o","He has Irish and Native American ancestry","1453778778","0","https://en.wikipedia.org/wiki/Scott_Glenn#Early_life",
"351","24.90.57.139","980","m","w",,"1453778834","0",,
"352","24.90.57.139","1517976","m","w","Russian Jewish (from his maternal grandfather), English, German, Welsh, and French","1453778854","0","http://www.imdb.com/name/nm1517976/bio",
"353","24.90.57.139","267","f","w",,"1453779016","0",,
"354","24.90.57.139","736622","m","w","Russian Jewish descent","1453779057","0","http://www.imdb.com/name/nm0736622/bio",
"355","24.90.57.139","680983","f","w",,"1453779112","0",,
"356","24.90.57.139","5466","f","w","Irish, English, and German ancestry","1453779131","0","http://www.imdb.com/name/nm0005466/bio",
"357","24.90.57.139","2405238","f","b",,"1453779177","0",,
"358","24.90.57.139","316284","m","w","Italian","1453779220","0","http://www.imdb.com/name/nm0316284/bio",
"359","24.90.57.139","272401","m","w","Scottish","1453779323","0","https://en.wikipedia.org/wiki/Craig_Ferguson",
"360","24.90.57.139","5024","m","w,b","Both of his parents are of African-American and Caucasian descent","1453779391","0","http://www.imdb.com/name/nm0005024/bio",
"361","24.90.57.139","2332","m","w","His father's family is Hungarian Jewish, while his mother's ancestry is Irish","1453779492","0","http://www.imdb.com/name/nm0002332/bio",
"362","24.90.57.139","1303","f","w","Italian (father) and English-Irish (mother)","1453779512","0","http://www.imdb.com/name/nm0001303/bio",
"363","24.90.57.139","628601","f","w,b","black Zimbabwean mother, white British father","1453862985","0","http://www.imdb.com/name/nm0628601/bio",
"364","24.90.57.139","1507","m","h","Mexican ","1453863032","0","http://www.imdb.com/name/nm0001507/bio",
"365","24.90.57.139","59431","m","w","Paternal grandfather from Sephardi Jewish family (from Egypt, Algeria, and Italy), paternal grandmother French, maternal grandparents German and Irish ","1453863164","0","http://www.imdb.com/name/nm0059431/bio",
"366","24.90.57.139","5188","m","w","English, German, and Scottish","1453863206","0","http://www.imdb.com/name/nm0005188/bio",
"367","24.90.57.139","724757","f","w,b,o","Her mother is African American/Native American (Cherokee) and her father is Caucasian (English/Italian)","1453863275","0","http://www.imdb.com/name/nm0724757/bio",
"368","24.90.57.139","167850","m","b",,"1453863319","0","https://en.wikipedia.org/wiki/Bill_Cobbs",
"369","24.90.57.139","724460","f","w",,"1453863402","0",,
"370","24.90.57.139","519043","m","w","Sicilian (from one grandmother) and Polish ancestry","1453863501","0","http://www.imdb.com/name/nm0519043/bio",
"371","24.90.57.139","1985859","f","w","mother is Polish and her father is an Australian of British ancestry","1453863555","0","http://www.imdb.com/name/nm1985859/bio",
"372","24.90.57.139","417","m","w","English, Czech, German and Swedish","1453863700","0","http://www.imdb.com/name/nm0000417/bio",
"373","24.90.57.139","163","m","w","raised in a Jewish family (from Ukraine, Russia-Poland, and Romania)","1453863761","0","http://www.imdb.com/name/nm0000163/bio",
"374","24.90.57.139","601553","f","w","Russian Jewish (from her maternal grandfather), English, and some Scottish and Irish","1453863788","0","http://www.imdb.com/name/nm0601553/bio",
"375","24.90.57.139","885","m","w",,"1453863868","0",,
"376","24.90.57.139","2466842","m","b",,"1453863972","0","https://en.wikipedia.org/wiki/Black_Reel_Award_for_Best_Breakthrough_Performance",
"377","24.90.57.139","333410","m","w","German Jewish","1453864130","0","http://www.imdb.com/name/nm0333410/bio",
"378","24.90.57.139","929609","m","w",,"1453864300","0",,
"379","24.90.57.139","1535523","m","b","His maternal grandmother's family was Afro-Caribbean (from Barbados and Jamaica). His other grandparents' families were African-American.","1453864380","0","http://www.imdb.com/name/nm1535523/bio",
"380","24.90.57.139","942482","m","b",,"1453864473","0","http://www.imdb.com/name/nm0942482/bio",
"381","24.90.57.139","550371","m","w","English","1453864582","0","https://en.wikipedia.org/wiki/Eddie_Marsan",
"382","24.90.57.139","2253071","m","w",,"1453864620","0",,
"383","24.90.57.139","124930","m","w","Irish","1453864639","0","http://www.imdb.com/name/nm0124930/bio",
"384","24.90.57.139","1497","m","w","One of his paternal great-grandfathers was Austrian and one of his paternal great-grandmothers was Puerto Rican. His other ancestry includes English, Irish, Danish, French, and German.","1453864766","0","http://www.imdb.com/name/nm0001497/bio",
"385","24.90.57.139","226","m","b",,"1453865129","0",,
"386","24.90.57.139","1813","m","w","English, Scottish, German, Swiss-German, and Dutch","1453865176","0","http://www.imdb.com/name/nm0001813/bio",
"387","24.90.57.139","741","m","w","English, German, Irish, and Scottish","1453865195","0","http://www.imdb.com/name/nm0000741/bio",
"388","24.90.57.139","313","m","w","English, Irish and Swiss-German","1453865306","0","http://www.imdb.com/name/nm0000313/bio",
"389","24.90.57.139","138","m","w","German, Italian, Russian","1453865524","0","http://www.imdb.com/name/nm0000138/bio",
"390","24.90.57.139","1173","m","w","English, Scottish, German, and Northern Irish (Scots-Irish)","1453865969","0","http://www.imdb.com/name/nm0001173/bio",
"391","24.90.57.139","631490","m","w","English, Scottish, Irish","1453866019","0","http://www.imdb.com/name/nm0631490/bio",
"392","24.90.57.139","379","f","w","German and Swedish descent","1453866043","0","http://www.imdb.com/name/nm0000379/bio",
"393","24.90.57.139","1385871","f","w","Ukrainian, Russian and Belarusian","1453866130","0","https://en.wikipedia.org/wiki/Olga_Kurylenko#Early_life",
"394","24.90.57.139","5132","m","w","English, Irish, and Scottish","1453866185","0","http://www.imdb.com/name/nm0005132/bio",
"395","24.90.57.139","245","m","w","English, German, French, Welsh, Irish, and Scottish","1453866246","0","http://www.imdb.com/name/nm0000245/bio",
"396","24.90.57.139","189144","m","w","possibly English ancenstry","1453866306","0",,
"397","24.90.57.139","85312","m","w","British-German (father) and Russian Jewish (mother)","1453866326","0","http://www.imdb.com/name/nm0085312/bio",
"398","24.90.57.139","307531","m","w",,"1453866376","0",,
"399","24.90.57.139","2230865","f","w",,"1453866472","0",,
"400","24.90.57.139","685","m","w","Slovak, German","1453866511","0","http://www.imdb.com/name/nm0000685/bio",
"401","24.90.57.139","1372","f","w","Irish, Belgian/Luxembourgian, Polish","1453866579","0","http://www.imdb.com/name/nm0001372/bio",
"402","24.90.57.139","301370","m","w",,"1453866617","0",,
"403","24.90.57.139","5380","m","w","Italian, small part French","1453868028","0","http://www.imdb.com/name/nm0005380/bio",
"404","24.90.57.139","372176","f","w","possibly English","1453868101","0",,
"405","24.90.57.139","1287","f","w","Irish, with smaller amounts (to varying degrees) of Scottish, Welsh, German, and English","1453868141","0","http://www.imdb.com/name/nm0001287/bio",
"406","24.90.57.139","4753","f","w",,"1453868236","0",,
"407","24.90.57.139","867","m","w","English, Scottish, Swiss-German, Swedish, and Danish","1453868357","0","http://www.imdb.com/name/nm0000867/bio",
"408","24.90.57.139","1208167","f","w","German, Polish","1453868439","0","https://en.wikipedia.org/wiki/Diane_Kruger#Early_life",
"409","24.90.57.139","579","m","w","His parents were both from Jewish families (from Hungary, Germany, and Poland)","1453868470","0","http://www.imdb.com/name/nm0000579/bio",
"410","24.90.57.139","835016","m","w","Austrian mother and an Italian father","1453868496","0","http://www.imdb.com/name/nm0835016/bio",
"411","24.90.57.139","175916","m","w","probably English","1453868553","0",,
"412","24.90.57.139","614220","f","w","French, German, Irish and Czech","1453868610","0","http://www.imdb.com/name/nm0614220/bio",
"413","24.90.57.139","913822","m","a","Japanese","1453868664","0","http://www.imdb.com/name/nm0913822/bio",
"414","24.90.57.139","120","m","w","French-Canadian, Scottish, and Irish","1453869528","0","http://www.imdb.com/name/nm0000120/bio",
"415","24.90.57.139","851582","f","w","French","1453869737","0","http://moviecitynews.com/archived/Interviews/tautou.htm",
"416","24.90.57.139","657","m","w,a","English, Scottish, Irish, Portuguese, Native Hawaiian, and 1/16th Chinese","1453869788","0","http://www.imdb.com/name/nm0000657/bio",
"417","24.90.57.139","5405","m","w","Scottish, English and German","1453869843","0","http://www.imdb.com/name/nm0005405/bio",
"418","24.90.57.139","2973712","m","a","Japanese American","1453869935","0","http://www.asianweek.com/2009/05/28/pixar-is-moving-up/",
"419","24.90.57.139","244","f","w","English, as well as Dutch and Scottish","1453870098","0","http://www.imdb.com/name/nm0000244/bio",
"420","24.90.57.139","123785","m","w",,"1453870139","0",,
"421","24.90.57.139","350454","f","w","Her mother is from an Ashkenazi Jewish family, while her father has Swedish, English, Swiss-German, and German ancestry","1453870167","0","http://www.imdb.com/name/nm0350454/bio",
"422","24.90.57.139","935653","m","w","English","1453870289","0","https://en.wikipedia.org/wiki/Ray_Winstone",
"423","24.90.57.139","1626","m","w","English, Scottish, and Anglo-Irish","1453870387","0","http://www.imdb.com/name/nm0001626/bio",
"424","24.90.57.139","552","m","b",,"1453870445","0","https://en.wikipedia.org/wiki/Category:African-American_male_comedians",
"425","24.90.57.139","2006","m","w","English, Norwegian, Danish, Scottish, and German","1453870493","0","http://www.imdb.com/name/nm0002006/bio",
"426","24.90.57.139","329","m","a","Chinese/Hong Kong","1453870603","0","https://en.wikipedia.org/wiki/Jackie_Chan",
"427","24.90.57.139","1200692","f","w","mother was born in Algeria, of Sephardi Jewish heritage (during that time, Algeria was part of France), and father is of Swedish and French descent","1453870662","0","http://www.imdb.com/name/nm1200692/bio",
"428","24.90.57.139","5210","m","w","Father Northern Irish (Scots-Irish), Bohemian (Czech), English, Scottish, Dutch, German, and French Huguenot ancestry. Mother Italian, Irish descent","1453870789","0","http://www.imdb.com/name/nm0005210/bio",
"429","24.90.57.139","228","m","w","Swedish, Engish","1453870824","0","http://www.imdb.com/name/nm0000228/bio",
"430","24.90.57.139","669681","m","w","maternal grandparents from Jewish families from Eastern Europe (Poland and Russia); never met biological father","1453871057","0","http://www.imdb.com/name/nm0669681/bio",
"431","24.90.57.139","1592225","f","w",,"1453871232","0",,
"432","24.90.57.139","606","m","h","Spanish parents","1453871528","0","http://www.imdb.com/name/nm0000606/bio",
"433","24.90.57.139","5261","f","w","Her father's ancestry is Italian, and her mother is of Irish and Slovak descent","1453871639","0","http://www.imdb.com/name/nm0005261/bio",
"434","24.90.57.139","158","m","w","His father had English, and some German, ancestry; mother's family was entirely Portuguese","1453871714","0","http://www.imdb.com/name/nm0000158/bio",
"435","24.90.57.139","559","m","w","Ukrainian Jewish","1453871762","0","http://www.imdb.com/name/nm0000559/bio",
"436","24.90.57.139","103797","f","h","Brazilian; identifies as Latina; possibly some African and native based on ethnicity of aunt Sonia Braga","1453872323","0","http://www.latina.com/entertainment/celebrity/cover-exclusive-alice-braga-hollywoods-next-screen-goddess",
"437","24.90.57.139","725543","m","w","Lithuania, Austrian Jewish","1453872403","0","https://en.wikipedia.org/wiki/Don_Rickles#Early_life",
"438","24.90.57.139","498956","f","w","Her father's family is of French and Northern Irish descent. Her mother's family is Ashkenazi Jewish.","1453872437","0","http://www.imdb.com/name/nm0498956/bio",
"439","24.90.57.139","104","m","h","Spanish; Latin descent","1453877070","0","http://www.imdb.com/name/nm0000104/bio",
"440","24.90.57.139","1157048","m","w","English, German, and Irish","1453948182","0","http://www.imdb.com/name/nm1157048/bio",
"441","24.90.57.139","463","f","w","Dutch","1453948257","0","https://en.wikipedia.org/wiki/Famke_Janssen",
"442","24.90.57.139","677037","m","w",,"1453948287","0",,
"443","24.90.57.139","5134","m","w",,"1453948374","0",,
"444","24.90.57.139","920992","m","w",,"1453948418","0",,
"445","24.90.57.139","1083271","f","w","English, with small amounts of Scottish, German, and Northern Irish (Scots-Irish), and distant French and Welsh","1453948454","0","http://www.imdb.com/name/nm1083271/bio",
"446","24.90.57.139","2052567","m","w",,"1453948483","0",,
"447","24.90.57.139","2264184","f","w",,"1453948519","0",,
"448","24.90.57.139","139","f","w,h","Her mother has English, Scots-Irish, and German ancestry, and her father was from a Cuban family (of Spanish origin)","1453948715","0","http://www.imdb.com/name/nm0000139/bio",
"449","24.90.57.139","1065229","f","h","Parents are Honduran","1453948761","0","http://www.imdb.com/name/nm1065229/bio",
"450","24.90.57.139","89217","m","w","mother of English descent","1453948918","0","https://en.wikipedia.org/wiki/Orlando_Bloom#Early_life",
"451","24.90.57.139","2934314","f","w","Russian Jewish (from her maternal grandfather), English, and German descent","1453948954","0","http://www.imdb.com/name/nm2934314/bio",
"452","24.90.57.139","56","m","w","Polish, Hungarian, Slovak","1453949003","0","http://www.imdb.com/name/nm0000056/bio",
"453","24.90.57.139","261","f","w","English, Irish, Scottish, and Welsh","1453949097","0","https://en.wikipedia.org/wiki/Karen_Allen#Early_life",
"454","24.90.57.139","196","m","w","English, Scottish and Irish","1453949146","0","https://en.wikipedia.org/wiki/Mike_Myers#Early_life",
"455","24.90.57.139","205","f","w",,"1453949191","0",,
"456","24.90.57.139","1772","m","w","probably English","1453949285","0",,
"457","24.90.57.139","1706767","m","w","Russian Jewish","1453949346","0","http://www.imdb.com/name/nm1706767/bio",
"458","24.90.57.139","79273","m","w","Likely English","1453949402","0",,
